{
  "condition": "e16_240rpm",
  "n_frames_synced": 1828,
  "t_start_s": 0.003189472,
  "t_end_s": 30.466943442,
  "duration_s": 30.463754,
  "grid_hz": 60,
  "t_s_max_diff": 0.0,
  "raw_z_disagreement_mm": {
    "cam1_cam2": 387.28,
    "cam1_cam3": 344.75,
    "cam2_cam3": 42.53
  },
  "cameras": {
    "cam1": {
      "y_w_std_mm": 0.7367,
      "z_w_mean_m": 1.396002
    },
    "cam2": {
      "y_w_std_mm": 0.7353,
      "z_w_mean_m": 1.783279
    },
    "cam3": {
      "y_w_std_mm": 0.6872,
      "z_w_mean_m": 1.740751
    }
  }
}