{
  "condition": "e3_50rpm",
  "n_frames_synced": 1830,
  "t_start_s": 0.020034548,
  "t_end_s": 30.513138528,
  "duration_s": 30.493104,
  "grid_hz": 60,
  "t_s_max_diff": 0.0,
  "raw_z_disagreement_mm": {
    "cam1_cam2": 387.62,
    "cam1_cam3": 346.41,
    "cam2_cam3": 41.21
  },
  "cameras": {
    "cam1": {
      "y_w_std_mm": 0.0248,
      "z_w_mean_m": 1.395882
    },
    "cam2": {
      "y_w_std_mm": 0.0224,
      "z_w_mean_m": 1.783504
    },
    "cam3": {
      "y_w_std_mm": 0.0231,
      "z_w_mean_m": 1.742291
    }
  }
}