{
  "condition": "e2_40rpm",
  "n_frames": 1829,
  "alignment": "full_run_mean_removal",
  "units_out": "millimetres",
  "per_camera_means_m": {
    "cam1": {
      "x": 0.00559122,
      "y": -0.005484769,
      "z": 1.3958937
    },
    "cam2": {
      "x": -0.000729283,
      "y": -0.002652286,
      "z": 1.783570974
    },
    "cam3": {
      "x": -0.000591059,
      "y": 0.00208491,
      "z": 1.742426901
    }
  },
  "raw_z_disagreement_mm": {
    "cam1_cam2": 387.68,
    "cam1_cam3": 346.53,
    "cam2_cam3": 41.14
  },
  "aligned_z_disagreement_mm": {
    "cam1_cam2": {
      "std_mm": 0.1692,
      "mean_mm": -0.0,
      "max_mm": 0.5627
    },
    "cam1_cam3": {
      "std_mm": 0.3907,
      "mean_mm": -0.0,
      "max_mm": 1.343
    },
    "cam2_cam3": {
      "std_mm": 0.4072,
      "mean_mm": 0.0,
      "max_mm": 1.3226
    }
  },
  "improvement_factor": {
    "cam1_cam2": 2291.2,
    "cam1_cam3": 887.0,
    "cam2_cam3": 101.0
  },
  "y_w_std_mm": {
    "cam1": 0.0116,
    "cam2": 0.0101,
    "cam3": 0.0089
  }
}