{
  "condition": "e17_260rpm",
  "n_frames_synced": 1832,
  "t_start_s": 0.003787355,
  "t_end_s": 30.533890713,
  "duration_s": 30.530103,
  "grid_hz": 60,
  "t_s_max_diff": 0.0,
  "raw_z_disagreement_mm": {
    "cam1_cam2": 387.29,
    "cam1_cam3": 344.74,
    "cam2_cam3": 42.55
  },
  "cameras": {
    "cam1": {
      "y_w_std_mm": 0.8501,
      "z_w_mean_m": 1.395991
    },
    "cam2": {
      "y_w_std_mm": 0.8482,
      "z_w_mean_m": 1.78328
    },
    "cam3": {
      "y_w_std_mm": 0.8249,
      "z_w_mean_m": 1.740727
    }
  }
}