{
  "condition": "e19_300rpm",
  "n_frames_synced": 1831,
  "t_start_s": 0.007803969,
  "t_end_s": 30.515812914,
  "duration_s": 30.508009,
  "grid_hz": 60,
  "t_s_max_diff": 0.0,
  "raw_z_disagreement_mm": {
    "cam1_cam2": 387.45,
    "cam1_cam3": 344.76,
    "cam2_cam3": 42.69
  },
  "cameras": {
    "cam1": {
      "y_w_std_mm": 1.2471,
      "z_w_mean_m": 1.395803
    },
    "cam2": {
      "y_w_std_mm": 1.2451,
      "z_w_mean_m": 1.783256
    },
    "cam3": {
      "y_w_std_mm": 1.2023,
      "z_w_mean_m": 1.740561
    }
  }
}