{
  "condition": "e9_110rpm",
  "n_frames_synced": 1830,
  "t_start_s": 0.008786946,
  "t_end_s": 30.498349688,
  "duration_s": 30.489563,
  "grid_hz": 60,
  "t_s_max_diff": 0.0,
  "raw_z_disagreement_mm": {
    "cam1_cam2": 387.43,
    "cam1_cam3": 344.96,
    "cam2_cam3": 42.48
  },
  "cameras": {
    "cam1": {
      "y_w_std_mm": 0.1753,
      "z_w_mean_m": 1.395948
    },
    "cam2": {
      "y_w_std_mm": 0.1743,
      "z_w_mean_m": 1.783382
    },
    "cam3": {
      "y_w_std_mm": 0.152,
      "z_w_mean_m": 1.740906
    }
  }
}