{
  "condition": "e14_200rpm",
  "n_frames_synced": 1829,
  "t_start_s": 0.013147211,
  "t_end_s": 30.480761311,
  "duration_s": 30.467614,
  "grid_hz": 60,
  "t_s_max_diff": 0.0,
  "raw_z_disagreement_mm": {
    "cam1_cam2": 387.28,
    "cam1_cam3": 349.32,
    "cam2_cam3": 37.96
  },
  "cameras": {
    "cam1": {
      "y_w_std_mm": 2.8653,
      "z_w_mean_m": 1.391271
    },
    "cam2": {
      "y_w_std_mm": 2.8627,
      "z_w_mean_m": 1.778549
    },
    "cam3": {
      "y_w_std_mm": 0.3848,
      "z_w_mean_m": 1.740587
    }
  }
}